{
	"class_name" : "PinholeCameraParameters",
	"extrinsic" : 
	[
		0.99979828512616165,
		-0.00029050861152302637,
		-0.020082446652069437,
		0.0,
		3.2407033866054644e-05,
		-0.99987075130181968,
		0.01607730204104452,
		0.0,
		-0.02008452161667636,
		-0.016074709822620419,
		-0.99966905308484366,
		0.0,
		-0.48982744177863102,
		0.50814228969519371,
		1.714164697281696,
		1.0
	],
	"intrinsic" : 
	{
		"height" : 1080,
		"intrinsic_matrix" : 
		[
			935.30743608719399,
			0.0,
			0.0,
			0.0,
			935.30743608719399,
			0.0,
			959.5,
			539.5,
			1.0
		],
		"width" : 1920
	},
	"version_major" : 1,
	"version_minor" : 0
}